Name,Address,Opening Hours,Reviews,Review Points,Total Reviews,Phone,Website,Google ID,Latitude,Longitude,Combined Coordinates,Category,Page URL
Shoprite Van Der Walt Street,"300 Church St, Pretoria Central, Pretoria, 0001, South Africa","['7:00AM‚Äì7:00PM', '7:00AM‚Äì7:00PM', '7:00AM‚Äì7:00PM', '7:00AM‚Äì7:00PM', '7:00AM‚Äì7:00PM', '7:00AM‚Äì5:00PM', '7:00AM‚Äì4:00PM']","[{'author_name': 'Agnes Moshidi', 'author_url': 'https://www.google.com/maps/contrib/110039025478675830240/reviews', 'language': 'en', 'original_language': 'en', 'profile_photo_url': 'https://lh3.googleusercontent.com/a/ACg8ocIoVV-kH37k1TN_et5LDZiR2E0qDMlRGx7FXk6NCjtdk-Qnow=s128-c0x00000000-cc-rp-mo', 'rating': 1, 'relative_time_description': 'a month ago', 'text': ""It's been three times waiting more than 45 minutes for manager to authorize .how do you operate a big store with one manager on   month end period. The management service is poor. You have to go through hell to meet the manager. During operation the manager must be visible and available on floor."", 'time': 1717160642, 'translated': False}, {'author_name': 'Dawie Beyers', 'author_url': 'https://www.google.com/maps/contrib/101741770990182846208/reviews', 'language': 'en', 'original_language': 'en', 'profile_photo_url': 'https://lh3.googleusercontent.com/a-/ALV-UjVOQzV6Wzz9iNEF9JykWqAzK8p5UjS9Y7TImeSAjUGY2Cs3obxw_g=s128-c0x00000000-cc-rp-mo-ba4', 'rating': 4, 'relative_time_description': '3 months ago', 'text': 'Although this Shoprite is big and has a wide variety of products at very good prices, do not think you can go there for a quick shop... This place is extremely busy most of the time except in the mornings. Other than that, make yourself ready to stand in long rows.', 'time': 1710003609, 'translated': False}, {'author_name': 'Monica Machabe', 'author_url': 'https://www.google.com/maps/contrib/102023228934924603470/reviews', 'language': 'en', 'original_language': 'en', 'profile_photo_url': 'https://lh3.googleusercontent.com/a-/ALV-UjXQUAWTZpjTrPbsXtzorkLfyvX1xVLVy-SPtnIMj09U-_GKXZ4j=s128-c0x00000000-cc-rp-mo', 'rating': 2, 'relative_time_description': 'a year ago', 'text': ""They should bring back the smaller trolleys. Now everyone is using the big trolleys for few items that are also too heavy when using a basket and the store seems to have decreased in size since the renovations so it's hard to move around cause of being blocked by big trolleys everywhere in those small aisles. Have to think twice before going there."", 'time': 1683455790, 'translated': False}, {'author_name': 'Phineas Monyamane', 'author_url': 'https://www.google.com/maps/contrib/100411320711806602024/reviews', 'language': 'en', 'original_language': 'en', 'profile_photo_url': 'https://lh3.googleusercontent.com/a-/ALV-UjVjuE8--b6ggR_8easygypW2aYkIBF5DJ-Z_7SeeWP3eZ31558=s128-c0x00000000-cc-rp-mo', 'rating': 1, 'relative_time_description': 'a year ago', 'text': ""Your cashiers are rude they don't even know the basic principles of customer service and till point efficiency. As a senior manager at Woolworths I found your service unprofound, unethical and uprofessional. I can't be waiting for 2hrs at the kiosk only to be assisted by 1 cashier who looks to be lost and had to ask for assistance whenever she scans an item. The most annoying part is when staff don't queue just because their lunch or tea is almost over. Isn't it their job to give the best service to the people bringing in money,according to my knowledge you can't have 4 cashiers queueing and have 1 on the till point. Doesn't the manager use the discrepancy to allow the customers satisfaction beforehand? Shoprite Van der Walt I'm disappointed and will use you as reference in my future training and recruitment, I'm saddened by the service overall"", 'time': 1678106811, 'translated': False}, {'author_name': 'Lamilk', 'author_url': 'https://www.google.com/maps/contrib/105799803593562184297/reviews', 'language': 'en', 'original_language': 'en', 'profile_photo_url': 'https://lh3.googleusercontent.com/a/ACg8ocL0cAZTrmaROULOnnNi36vA4LUf41OhivRwMnManeP1hbI7eQ=s128-c0x00000000-cc-rp-mo-ba5', 'rating': 4, 'relative_time_description': '3 years ago', 'text': ""The shop is clean .\nThe staff is friendly.\nThe prices are reasonably fair.\nThe fruits and vegetables are super fresh.\nThe X-Saving promo makes our live easier.ü§≠\nThe securities are not a nightmare-humanity is galore.\nHowever the shop only opened an hour late,but I think it's probably something important that caused the hold up,I still remain the happy customer üòç."", 'time': 1612077355, 'translated': False}]",3.4,470,012 401 9920,http://www.shoprite.co.za/,ChIJQVpGPhBilR4RoFaRoFi9Qc8,-25.7458346,28.1928052,"-25.7458346,28.1928052","['grocery_or_supermarket', 'travel_agency', 'bakery', 'finance', 'food', 'store', 'point_of_interest', 'establishment']",https://maps.google.com/?cid=14934426027685926560
Shoprite Centre Forum,"Cnr Struben &, Lilian Ngoyi St, Pretoria Central, Pretoria, 0002, South Africa","['8:00AM‚Äì7:00PM', '8:00AM‚Äì7:00PM', '8:00AM‚Äì7:00PM', '8:00AM‚Äì7:00PM', '8:00AM‚Äì7:00PM', '8:00AM‚Äì7:00PM', '8:00AM‚Äì7:00PM']","[{'author_name': 'Surprise Baloyi', 'author_url': 'https://www.google.com/maps/contrib/104562067268214519747/reviews', 'language': 'en', 'original_language': 'en', 'profile_photo_url': 'https://lh3.googleusercontent.com/a-/ALV-UjWAwxQv0V2haPOyREN9yRgQKwSk6J8FbeLEkGHtf9W0pbJwflI=s128-c0x00000000-cc-rp-mo', 'rating': 5, 'relative_time_description': 'a month ago', 'text': ""It's a very good place, however the house keeping in Shoprite need to be improved.Tills should be opened in greater numbers to reduce the unnecessary long queues we experience"", 'time': 1716405748, 'translated': False}, {'author_name': 'Khanyisile Ndlovu', 'author_url': 'https://www.google.com/maps/contrib/110139162835235753554/reviews', 'language': 'en', 'original_language': 'en', 'profile_photo_url': 'https://lh3.googleusercontent.com/a-/ALV-UjVFFCEyPZQNDu36Hs87bHqZSxd2arwyQTd2Fv5DzsZnBXXrQysU=s128-c0x00000000-cc-rp-mo-ba3', 'rating': 2, 'relative_time_description': '5 months ago', 'text': ""The place gets very busy, you stand in long queues for ages and some tills would not have staff. It's disappointing that when you get to a place mostly populated by black people, one can not leave the store without their luggage being searched. This stigma disgusts me and I strongly feel there is a need for this to be addressed. Implementing a technological system at the door can assist with this rather than having customers line up at the door to have them searched after using their hard earned money."", 'time': 1704792092, 'translated': False}, {'author_name': 'Omphemetse Tlhapane', 'author_url': 'https://www.google.com/maps/contrib/111961697983269452354/reviews', 'language': 'en', 'original_language': 'en', 'profile_photo_url': 'https://lh3.googleusercontent.com/a-/ALV-UjW3uc_WHGu6pH72i8n8Zst655VP5V-tgTHs1TdZF0Iu1tuaW1vW=s128-c0x00000000-cc-rp-mo-ba5', 'rating': 3, 'relative_time_description': '5 months ago', 'text': ""It is almost always packed and lines are long because not all tills would be operating, as to why, I don't know"", 'time': 1706247257, 'translated': False}, {'author_name': 'Khumo Morifi', 'author_url': 'https://www.google.com/maps/contrib/115063400047344428813/reviews', 'language': 'en', 'original_language': 'en', 'profile_photo_url': 'https://lh3.googleusercontent.com/a/ACg8ocIItTd0NknoWixCP_DxJzej2vDd-m_uwKJOEVQXoAmMjNp-iQ=s128-c0x00000000-cc-rp-mo-ba3', 'rating': 5, 'relative_time_description': 'a month ago', 'text': 'Overall great Store and amazing service and stuff interaction', 'time': 1715076425, 'translated': False}, {'author_name': 'Maphefo Kedibone', 'author_url': 'https://www.google.com/maps/contrib/114702340292610763787/reviews', 'language': 'en', 'original_language': 'en', 'profile_photo_url': 'https://lh3.googleusercontent.com/a-/ALV-UjXcvysltuJf1P84zejg5tacHimlme_YyUjwK0XjwqGwGA2z1aE=s128-c0x00000000-cc-rp-mo-ba3', 'rating': 3, 'relative_time_description': '5 months ago', 'text': 'No cashback for the whole 3days. Imagine if my money was in the Shoprite card, totally disappointing', 'time': 1705040233, 'translated': False}]",4,1284,012 399 1720,https://www.shoprite.co.za/,ChIJzyl9Cw9ilR4RCQO_3tmxle8,-25.741695,28.192577,"-25.741695,28.192577","['grocery_or_supermarket', 'travel_agency', 'bakery', 'finance', 'food', 'store', 'point_of_interest', 'establishment']",https://maps.google.com/?cid=17263900295897744137
Shoprite Store - Cnr Struben & Lilian Ngoyi Street,"Johannes Ramokhoase St, Pretoria Central, Pretoria, 0001, South Africa","['8:00AM‚Äì7:00PM', '8:00AM‚Äì7:00PM', '8:00AM‚Äì7:00PM', '8:00AM‚Äì7:00PM', '8:00AM‚Äì7:00PM', '8:00AM‚Äì5:00PM', '8:00AM‚Äì4:00PM']","[{'author_name': 'Nelly Mathebula', 'author_url': 'https://www.google.com/maps/contrib/115481472416912366176/reviews', 'language': 'en', 'original_language': 'en', 'profile_photo_url': 'https://lh3.googleusercontent.com/a-/ALV-UjW2scDJyeE58PXwiKmAgStF75R21VsJrGQPT2M283e_zF7FQFom=s128-c0x00000000-cc-rp-mo', 'rating': 5, 'relative_time_description': '3 months ago', 'text': 'I was assisted by the lady called Melida Mobatha.She was very friendly ..she was went an extra mile.\nOverall I think that branch yet the best in all the branches town.', 'time': 1710311887, 'translated': False}, {'author_name': 'SBARM KHULA', 'author_url': 'https://www.google.com/maps/contrib/107101357490527523515/reviews', 'language': 'en', 'original_language': 'en', 'profile_photo_url': 'https://lh3.googleusercontent.com/a-/ALV-UjXSH8O2eASAZFswtU3jHbHcgOEsyr32fqHYs32Qcx-_g3hpvZje=s128-c0x00000000-cc-rp-mo', 'rating': 3, 'relative_time_description': '8 months ago', 'text': 'Vehicle parking is always an issue that municipality together with businesses they need to look into but the retail is a convenient store', 'time': 1697036855, 'translated': False}, {'author_name': 'Olivia Sambo', 'author_url': 'https://www.google.com/maps/contrib/117807921692192131995/reviews', 'language': 'en', 'original_language': 'en', 'profile_photo_url': 'https://lh3.googleusercontent.com/a-/ALV-UjWhlHNPk5NaLnnaEGRNcJBT9NthnDvKUkZweg5pAEV0oUHNlx7rRg=s128-c0x00000000-cc-rp-mo-ba4', 'rating': 5, 'relative_time_description': 'a year ago', 'text': 'They always have good specials and they are always well stocked. The only thing I recommend to shoprite is to train their staff about customer service and to be polite, a smile goes a long way.', 'time': 1685783433, 'translated': False}, {'author_name': 'Shima Mashilo', 'author_url': 'https://www.google.com/maps/contrib/109194926905465784061/reviews', 'language': 'en', 'original_language': 'en', 'profile_photo_url': 'https://lh3.googleusercontent.com/a-/ALV-UjXKDpUFBm0c_bpg-W0uFyRX2oBUvinCI8W0ncTb5ZBA4QQLvGI=s128-c0x00000000-cc-rp-mo', 'rating': 2, 'relative_time_description': '7 months ago', 'text': ""Bad service, everytime I'm in de shop, few cashiers are not on duty."", 'time': 1701003445, 'translated': False}, {'author_name': 'Samantha Georgia', 'author_url': 'https://www.google.com/maps/contrib/107908606906582683631/reviews', 'language': 'en', 'original_language': 'en', 'profile_photo_url': 'https://lh3.googleusercontent.com/a-/ALV-UjVt679-vsB3eeku5bS_LJZU7G2ou8RohTPkbi5QBgzJaaONTggK=s128-c0x00000000-cc-rp-mo-ba4', 'rating': 5, 'relative_time_description': '2 years ago', 'text': ""For the fact that you'd expect it to be dirty and not taken well care of due to it being situated where it is its very well kept\nOrganized\nAlways full though\nBut 100%guaranteed you'll always find exactly what you looking for .\nThe tellers are suprising nice too\nThe place is always tried to be kept clean and neat\nThings packed well no falling or scarf spillings or opened abandoned packets leff there.\nWas shocked"", 'time': 1649253516, 'translated': False}]",3.9,1359,012 399 1720,http://www.shoprite.co.za/,ChIJkVkxoQ9ilR4RUzsEK6477lc,-25.7436402,28.18543,"-25.7436402,28.18543","['supermarket', 'grocery_or_supermarket', 'food', 'store', 'point_of_interest', 'establishment']",https://maps.google.com/?cid=6336067344988912467
Shoprite Esselen,"300 Robert Sobukwe St, Sunnyside, Pretoria, 0002, South Africa","['7:00AM‚Äì10:00PM', '7:00AM‚Äì10:00PM', '7:00AM‚Äì10:00PM', '7:00AM‚Äì10:00PM', '7:00AM‚Äì10:00PM', '7:00AM‚Äì10:00PM', '7:00AM‚Äì8:00PM']","[{'author_name': 'Nkosikhona Ndlovu', 'author_url': 'https://www.google.com/maps/contrib/113198007083380922546/reviews', 'language': 'en', 'original_language': 'en', 'profile_photo_url': 'https://lh3.googleusercontent.com/a-/ALV-UjXckYuH30lnVA_HlewKRfzAf8BUvmGm_64wp-fOfTvgczRcUI73=s128-c0x00000000-cc-rp-mo-ba3', 'rating': 5, 'relative_time_description': 'a month ago', 'text': 'Very good value for money. I suggest shopping here at dates that are not on or around the 15th, 25th, 30th and 31st of the month. Products can be up to 30% cheaper!', 'time': 1716680686, 'translated': False}, {'author_name': 'Maudy J Chipunza', 'author_url': 'https://www.google.com/maps/contrib/118423152020728658596/reviews', 'language': 'en', 'original_language': 'en', 'profile_photo_url': 'https://lh3.googleusercontent.com/a-/ALV-UjWaAw4DsgU0PeMYeZJZafzl6Vh28F-GhoPpPuAXUhcJMBX_qtI=s128-c0x00000000-cc-rp-mo-ba3', 'rating': 4, 'relative_time_description': 'a month ago', 'text': 'Always busy and long queues,slow service but great value for money promotions that one has to pay with patience.', 'time': 1716750182, 'translated': False}, {'author_name': 'Kwame Chilinkhwambe', 'author_url': 'https://www.google.com/maps/contrib/114969332151920742766/reviews', 'language': 'en', 'original_language': 'en', 'profile_photo_url': 'https://lh3.googleusercontent.com/a-/ALV-UjXaRA0wg4BJCb3RyXQ0aw7uRneyO7-Wve2E00E_oExnXmi0bL8=s128-c0x00000000-cc-rp-mo', 'rating': 5, 'relative_time_description': '11 months ago', 'text': ""Found it most convenient at a time when most shops are closed. The shop is big and has a lot of stock variety, perfect for one's needs"", 'time': 1690601450, 'translated': False}, {'author_name': 'Martha-Jean Necodemus', 'author_url': 'https://www.google.com/maps/contrib/113078074894001744211/reviews', 'language': 'en', 'original_language': 'en', 'profile_photo_url': 'https://lh3.googleusercontent.com/a/ACg8ocIagbs_3dpiOC9fsbv3iZuypv959ZE0MtXQwbsgZwZoebdsCw=s128-c0x00000000-cc-rp-mo', 'rating': 4, 'relative_time_description': '4 months ago', 'text': ""It's okay for household needs shopping. It's just better to avoid going there during their peak periods as there are long queues"", 'time': 1707811059, 'translated': False}, {'author_name': 'shinca mtongi', 'author_url': 'https://www.google.com/maps/contrib/109867344781568881054/reviews', 'language': 'en', 'original_language': 'en', 'profile_photo_url': 'https://lh3.googleusercontent.com/a-/ALV-UjW2MNui9BR0R_XyB3H27A2-iu1WyeIocZ4tnT-s5fihIohRcC7O=s128-c0x00000000-cc-rp-mo-ba4', 'rating': 4, 'relative_time_description': '5 months ago', 'text': 'Back to school end is in order.  Capitec ATM inside. Have OK furniture next door. Right on Junction. Next to service station. Tswane buses passes along same street.', 'time': 1704554131, 'translated': False}]",3.7,1061,012 481 9340,http://www.shoprite.co.za/,ChIJs7TO3ophlR4RQy8FJZuPlZc,-25.7535267,28.2083182,"-25.7535267,28.2083182","['grocery_or_supermarket', 'travel_agency', 'bakery', 'finance', 'food', 'store', 'point_of_interest', 'establishment']",https://maps.google.com/?cid=10922794367760805699
Shoprite Pretoria North,"251 Ben Viljoen St, Pretoria North, Pretoria, 0182, South Africa","['7:00AM‚Äì7:00PM', '7:00AM‚Äì7:00PM', '7:00AM‚Äì7:00PM', '7:00AM‚Äì7:00PM', '7:00AM‚Äì7:00PM', '7:00AM‚Äì5:00PM', '8:00AM‚Äì5:00PM']","[{'author_name': 'lulama siyotywa', 'author_url': 'https://www.google.com/maps/contrib/114039076544087308227/reviews', 'language': 'en', 'original_language': 'en', 'profile_photo_url': 'https://lh3.googleusercontent.com/a-/ALV-UjVJZRreo4MhnlwHnzKzBPAeebUFDEarIi3pq-S67vuQDpeyjeuT=s128-c0x00000000-cc-rp-mo', 'rating': 5, 'relative_time_description': '2 months ago', 'text': ""On Friday 12th April 2024 had an awesome shopping experience...I made a mistake with my spices on special and the front managers gladly assisted me...pity I didn't notice the names....the shelves were organized with friendly merchandisers, floors clean with friendly cleaners...this is a good evidence of Quality Management System.keep up with great work!"", 'time': 1713115063, 'translated': False}, {'author_name': 'Mthobisi Kwanele', 'author_url': 'https://www.google.com/maps/contrib/113767377671864738857/reviews', 'language': 'en', 'original_language': 'en', 'profile_photo_url': 'https://lh3.googleusercontent.com/a/ACg8ocK36wrO-gFETMv8BaPMvJUJ5GviyJ5xphOYRpXdDRr6H_paJw=s128-c0x00000000-cc-rp-mo-ba3', 'rating': 5, 'relative_time_description': '5 months ago', 'text': 'Being here was a greatest exercise üî•üî•cause I heard different languages I felt like am lost but I was learning cause I communicated good with cashiers', 'time': 1707036151, 'translated': False}, {'author_name': 'salome madumo', 'author_url': 'https://www.google.com/maps/contrib/114195448690982083720/reviews', 'language': 'en', 'original_language': 'en', 'profile_photo_url': 'https://lh3.googleusercontent.com/a/ACg8ocJ608pAQWGw_ZisgWzjyLtxgzUtB-UcCydW9Ixztvirm9OWqw=s128-c0x00000000-cc-rp-mo-ba3', 'rating': 1, 'relative_time_description': '6 months ago', 'text': ""Salome Madumo,I'm a very unhappy customer, I've been waiting at shoprite money market for more than 45 minutes without being attended. This is so unfair also for the elderly,one person is allocated the unit why in this busy Seoson I wonder,please engage"", 'time': 1702383521, 'translated': False}, {'author_name': 'Jamie Scorgie', 'author_url': 'https://www.google.com/maps/contrib/117892353720739028709/reviews', 'language': 'en', 'original_language': 'en', 'profile_photo_url': 'https://lh3.googleusercontent.com/a-/ALV-UjXGkTk9HcfN3ieSNhJLY4AKjbLeBFKeKSLe7wVqZoFiAw30-E1ddg=s128-c0x00000000-cc-rp-mo-ba4', 'rating': 1, 'relative_time_description': '9 months ago', 'text': 'Poor quality service with express tills. Very disappointing.', 'time': 1696233198, 'translated': False}, {'author_name': 'Thabang Letsoene', 'author_url': 'https://www.google.com/maps/contrib/112744339531307675000/reviews', 'language': 'en', 'original_language': 'en', 'profile_photo_url': 'https://lh3.googleusercontent.com/a-/ALV-UjUhKHQjwv03bLCXzh0cKz1z3EtofOgZvmFQCz67NjnGu8SsPSI=s128-c0x00000000-cc-rp-mo-ba3', 'rating': 4, 'relative_time_description': '5 months ago', 'text': ""It's a good place for shopping the is enough Till's instore and friendly staff."", 'time': 1705574398, 'translated': False}]",3.9,334,012 520 0360,http://www.shoprite.co.za/,ChIJnQyUIRPZvx4R_8Y1bsYpD5M,-25.6762261,28.1738478,"-25.6762261,28.1738478","['grocery_or_supermarket', 'travel_agency', 'bakery', 'finance', 'food', 'store', 'point_of_interest', 'establishment']",https://maps.google.com/?cid=10596734380455347967
Shoprite Middestad Mall,"Middestad, 252 Thabo Sehume St, Pretoria, 0002, South Africa","['7:00AM‚Äì7:00PM', '7:00AM‚Äì7:00PM', '7:00AM‚Äì7:00PM', '7:00AM‚Äì7:00PM', '7:00AM‚Äì7:00PM', '7:00AM‚Äì5:00PM', '8:00AM‚Äì5:00PM']","[{'author_name': 'Thabo Mashiloane', 'author_url': 'https://www.google.com/maps/contrib/103380825858081278818/reviews', 'language': 'en', 'original_language': 'en', 'profile_photo_url': 'https://lh3.googleusercontent.com/a/ACg8ocJtk5G-dI_nlBFx0gP6I1MYc-YVCV8e8ojLw_YEzXzdtgPapa_A=s128-c0x00000000-cc-rp-mo-ba3', 'rating': 5, 'relative_time_description': '2 months ago', 'text': 'Good but your timing needs to be perfect otherwise you will get very long ques. I mean VERY long. Rather go early, especially on pay days', 'time': 1714905958, 'translated': False}, {'author_name': 'Divex Edutraincon', 'author_url': 'https://www.google.com/maps/contrib/100861135252792559059/reviews', 'language': 'en', 'original_language': 'en', 'profile_photo_url': 'https://lh3.googleusercontent.com/a-/ALV-UjWONS6tCJKae3minzFdPnStHU557W92luaf4V_5gzIIEK2WTlbWdg=s128-c0x00000000-cc-rp-mo-ba3', 'rating': 1, 'relative_time_description': '4 months ago', 'text': ""Bought groceries with 5kg rite rand mealie meal. Looked suspicious with mould on the outside. Asked the teller what it was and he was really rude. Said he 'doesn't know, maybe mealie meal mos'. Had to wipe it myself without his help. Now I get home, the mealie meal is all mould inside. The teller name is Itu Shiburi to be precise."", 'time': 1707931388, 'translated': False}, {'author_name': 'ntuthuzelo innocent tono', 'author_url': 'https://www.google.com/maps/contrib/109525413551892244555/reviews', 'language': 'en', 'original_language': 'en', 'profile_photo_url': 'https://lh3.googleusercontent.com/a-/ALV-UjXek02LPv5-Df8aoN3Bs3dhvvJNnDcldeKhO8xZp2OApD58dcK5=s128-c0x00000000-cc-rp-mo', 'rating': 5, 'relative_time_description': '2 months ago', 'text': 'Lovely stuff at the zone fitness, very helpful and excellent customer service 100%', 'time': 1712815927, 'translated': False}, {'author_name': 'Precious Mbonani', 'author_url': 'https://www.google.com/maps/contrib/111324629531324359357/reviews', 'language': 'en', 'original_language': 'en', 'profile_photo_url': 'https://lh3.googleusercontent.com/a-/ALV-UjX3r1_eOITOKtWob9qNLl7fWL5Dm_ZegJZux6IP7iZ4AJoXlRRI=s128-c0x00000000-cc-rp-mo', 'rating': 5, 'relative_time_description': 'a month ago', 'text': 'Very convenient with regards to their operating hours', 'time': 1716179650, 'translated': False}, {'author_name': 'Motibang Malatji', 'author_url': 'https://www.google.com/maps/contrib/102623152029795105107/reviews', 'language': 'en', 'original_language': 'en', 'profile_photo_url': 'https://lh3.googleusercontent.com/a-/ALV-UjXRSIVbSfIr5_pl_55gtsT8qYrbWboZ4D0bciZU1fXOePeMeE5e=s128-c0x00000000-cc-rp-mo-ba3', 'rating': 5, 'relative_time_description': '5 months ago', 'text': ""Now if you don't know there's Tshwane municipality office inside this centre if you want to pay your rent or deal with any kind of queries, hope this is informative enough"", 'time': 1705032637, 'translated': False}]",4.2,1217,012 407 3720,http://www.shoprite.co.za/,ChIJ2XGpj_9jlR4R-xYB51XTJZA,-25.7485198,28.190979,"-25.7485198,28.190979","['grocery_or_supermarket', 'food', 'store', 'point_of_interest', 'establishment']",https://maps.google.com/?cid=10386940481501206267
Shoprite Arcadia,"Sancardia Centre Cnr Hamilton and, Church St, Arcadia, Pretoria, 0083, South Africa","['7:00AM‚Äì7:00PM', '7:00AM‚Äì7:00PM', '7:00AM‚Äì7:00PM', '7:00AM‚Äì7:00PM', '7:00AM‚Äì7:00PM', '7:00AM‚Äì5:00PM', '7:00AM‚Äì2:00PM']","[{'author_name': 'morwaswi mokabane', 'author_url': 'https://www.google.com/maps/contrib/115306607332084077091/reviews', 'language': 'en', 'original_language': 'en', 'profile_photo_url': 'https://lh3.googleusercontent.com/a/ACg8ocKvMeW_9NSfOad5mGiArtJusxJb4NLQqfaSnWmBezNU4ztDww=s128-c0x00000000-cc-rp-mo', 'rating': 1, 'relative_time_description': 'a year ago', 'text': 'Bad experience lady took cheese from the Fridge that had a price tag then at the counter was told to the price is wrong the is a very rude lady named Sphoie / Sophy R   who was a controller or manager who is rude and said I was a lier after  she noticed I was telling the truth she started laughing at me and said they will weigh. The cheese so disappointed I left the store with my üí∞', 'time': 1680963631, 'translated': False}, {'author_name': 'GIVEN THULANI MAHLANGU', 'author_url': 'https://www.google.com/maps/contrib/103710734711922379463/reviews', 'language': 'en', 'original_language': 'en', 'profile_photo_url': 'https://lh3.googleusercontent.com/a/ACg8ocI7ssZfriPYpbs04Sp5g2OHk2zG0dgMH51rlg2xdzLOWll4Wg=s128-c0x00000000-cc-rp-mo', 'rating': 1, 'relative_time_description': '2 years ago', 'text': ""I had to wait for more than 15min just to withdraw a standard bank instant money voucher just because the lady that was helping me was busy joking around with her colleagues and did also mention that she was lazy to stand up and go call her superviser to come authorize for her. I'm very disappointed in that store. I'm never going back."", 'time': 1636110364, 'translated': False}, {'author_name': '#Locs MyHeritage', 'author_url': 'https://www.google.com/maps/contrib/115182768573262064573/reviews', 'language': 'en', 'original_language': 'en', 'profile_photo_url': 'https://lh3.googleusercontent.com/a-/ALV-UjVABayqJ0fN1Qu1b4ElfRDcCxRgVY0KndKb5I8rZCW1jJxzo_NK=s128-c0x00000000-cc-rp-mo', 'rating': 1, 'relative_time_description': 'a year ago', 'text': 'Shame cashier Patricia Mashiane just gave shoprite Sancadia a sour taste on my mouth she selects who to pack groceries for. She watches while you struggle to pack your thing and joke to her colleagues how she is not bothered. Wow she has to learn that she is not doing customers a favour but do exactly what she has been hired for. For a mature looking lady she is ill mannered.', 'time': 1658580237, 'translated': False}, {'author_name': 'Kagiso Makgoka', 'author_url': 'https://www.google.com/maps/contrib/109451732816133281482/reviews', 'language': 'en', 'original_language': 'en', 'profile_photo_url': 'https://lh3.googleusercontent.com/a/ACg8ocI3TEWcmtBh4LkhOpJG_3yGvtBwqwMcSz72_oOR3RXr9kJwMw=s128-c0x00000000-cc-rp-mo', 'rating': 1, 'relative_time_description': '3 years ago', 'text': 'very poor customer service, the cashiers are very rude. one cashier was giving me an attitude because I  asked her for cashback. I proceeded beg  her to ask her colleagues, to help me if one of them has enough money to give me she ignored me. shoprite must cancel cashbacks if this is the attitude we have to deal with', 'time': 1622754408, 'translated': False}, {'author_name': 'Hlobisile Christabel', 'author_url': 'https://www.google.com/maps/contrib/116858898060381122607/reviews', 'language': 'en', 'original_language': 'en', 'profile_photo_url': 'https://lh3.googleusercontent.com/a-/ALV-UjWa_MsofDh9zyALQs7IpgLvxneywI3-sanfyCMchikol6oUNSa6=s128-c0x00000000-cc-rp-mo-ba2', 'rating': 2, 'relative_time_description': 'a year ago', 'text': ""I met a rude female cashier with short hair, when I'm thinking of going to shoprite Arcadia I just feel lazy and annoyed."", 'time': 1684159892, 'translated': False}]",3.2,65,012 301 1160,http://www.shoprite.co.za/,ChIJF-_vCR1ilR4RTBzOCVj4Hmk,-25.7449604,28.2051457,"-25.7449604,28.2051457","['grocery_or_supermarket', 'travel_agency', 'bakery', 'finance', 'food', 'store', 'point_of_interest', 'establishment']",https://maps.google.com/?cid=7574764680289066060
Shoprite Mini Belle Ombre Plaza,"Cnr Boom &, Kgo≈°i Mampuru St, Central, Pretoria, 0002, South Africa","['7:00AM‚Äì7:00PM', '7:00AM‚Äì7:00PM', '7:00AM‚Äì7:00PM', '7:00AM‚Äì7:00PM', '7:00AM‚Äì7:00PM', '7:00AM‚Äì5:00PM', '8:00AM‚Äì4:00PM']","[{'author_name': 'manqoba ntshangase', 'author_url': 'https://www.google.com/maps/contrib/111037174051422131391/reviews', 'language': 'en', 'original_language': 'en', 'profile_photo_url': 'https://lh3.googleusercontent.com/a/ACg8ocIL2KZkr8Us0O1yql_r7Eg2EsgSplEjl1rC0XdEMpMiQyz5sQ=s128-c0x00000000-cc-rp-mo', 'rating': 5, 'relative_time_description': 'a month ago', 'text': 'I have a good communication and leadership skills which makes it easy for me to solve problems and make decisions individually or as a team . I face tasks head-on, I am very creative and energetic which makes me easily to adapt to the working environment', 'time': 1714935048, 'translated': False}, {'author_name': 'ratshilumela tshililo', 'author_url': 'https://www.google.com/maps/contrib/111136267878745003019/reviews', 'language': 'en', 'original_language': 'en', 'profile_photo_url': 'https://lh3.googleusercontent.com/a-/ALV-UjWYNOqXNT_SOP4IthXyPr412Z3d8gPBft7BObRBD99BONKzFcFB=s128-c0x00000000-cc-rp-mo-ba3', 'rating': 3, 'relative_time_description': '4 months ago', 'text': 'Shop is neat and clean all the services are good, problem is Long quee, you wait  for so long in a quee before paying, they must improve on that', 'time': 1707629025, 'translated': False}, {'author_name': 'thato sefanyetso', 'author_url': 'https://www.google.com/maps/contrib/100732445476784653829/reviews', 'language': 'en', 'original_language': 'en', 'profile_photo_url': 'https://lh3.googleusercontent.com/a/ACg8ocIbfoqEvcvG9wQokFflYLfIvnrXa-kwIDqSDfLBXO6xJyBSrQ=s128-c0x00000000-cc-rp-mo', 'rating': 1, 'relative_time_description': '7 months ago', 'text': 'I go there specifically to buy fish in the morning before I head off to work guess what I never find it ready never this is disappointing as I wonder why at other stores like checkers rivonia I used to find it ready always. Second thing employees talk to another while a customer is waiting for response very bad customer service. Mini while cashiers are trying their best üëå.  I like Thato.', 'time': 1700396923, 'translated': False}, {'author_name': 'Deborah Mashamba', 'author_url': 'https://www.google.com/maps/contrib/114874396226784942109/reviews', 'language': 'en', 'original_language': 'en', 'profile_photo_url': 'https://lh3.googleusercontent.com/a-/ALV-UjURmcuQYjyFZYTfLvkqA0ji74yjv6bnM9kVK6g0WkQPPjQQRrAPSg=s128-c0x00000000-cc-rp-mo-ba3', 'rating': 1, 'relative_time_description': '9 months ago', 'text': 'The worst experience ever. Waited for over 40 minutes to pay a bill at the money market counter....mind you there were only four people in front of me. Only one cashier was working at the money market counter. One customer complained about this to the manager but absolutely nothing was done', 'time': 1694447904, 'translated': False}, {'author_name': 'Njabulo Vilakazi', 'author_url': 'https://www.google.com/maps/contrib/105018540040094400482/reviews', 'language': 'en', 'original_language': 'en', 'profile_photo_url': 'https://lh3.googleusercontent.com/a/ACg8ocI691QctRXCFUUHnJ777QM9KHmdCOwWEytn3NqXOKJAhczw4A=s128-c0x00000000-cc-rp-mo-ba2', 'rating': 1, 'relative_time_description': 'a year ago', 'text': 'Worst Shoprite. Cashiers are too slow, Queues get too long. Takes 20min for a cashier to assist 1 customer with only 5 items, I do not understand it. And when they call the supervisor on site for authorization they drag their feet. The store is located at a bus and taxi station, the cashiers and management need to be mindful of the fact  that people are in a hurry, this is something they need to look into. A mere suggestion.', 'time': 1686652352, 'translated': False}]",3.8,302,012 316 8970,http://www.shoprite.co.za/,ChIJEfO0DHxjlR4RVAdYfBwVv5A,-25.7391891,28.1804733,"-25.7391891,28.1804733","['grocery_or_supermarket', 'bakery', 'food', 'store', 'point_of_interest', 'establishment']",https://maps.google.com/?cid=10430078474102769492
Shoprite Daspoort,"Bougainville Shopping Centre, 638 Redelinghuys St, Daspoort, Pretoria, 0082, South Africa","['7:00AM‚Äì7:00PM', '7:00AM‚Äì7:00PM', '7:00AM‚Äì7:00PM', '7:00AM‚Äì7:00PM', '7:00AM‚Äì7:00PM', '7:00AM‚Äì5:00PM', '7:00AM‚Äì2:00PM']","[{'author_name': 'Pieter Smith', 'author_url': 'https://www.google.com/maps/contrib/113851119743121415355/reviews', 'language': 'en', 'original_language': 'en', 'profile_photo_url': 'https://lh3.googleusercontent.com/a/ACg8ocLPOvStygtvdmaqDhXjKPIcXHWpOe6-4vfUrYMjWBwMsVqng-v9=s128-c0x00000000-cc-rp-mo-ba3', 'rating': 1, 'relative_time_description': 'a month ago', 'text': 'The staff at Shoprite in the express tills was already cashed up when I arrived at the till, the one directed me to the other, when I approached the was yo whom I was referred she just said  closed.. i found this to be frustrating and they made me feel like a huge inconvenience one they just wanted to get rid of and they then  passed me on to the Money Market cashier.\n\nI found their over-all service levels poor and cashing up and not assisting customers and all this about 30 minutes before the doors closed.\n\nI feel they should only do their cashups after the soors closed and there are no more customers in need of assistanc, especially the last cashier per section should definitely only start one all customers left.', 'time': 1717358287, 'translated': False}, {'author_name': 'neville arendse', 'author_url': 'https://www.google.com/maps/contrib/100468747307835827806/reviews', 'language': 'en', 'original_language': 'en', 'profile_photo_url': 'https://lh3.googleusercontent.com/a-/ALV-UjUvOWkcY27cDh7bfinZIwsGbqgTjRcJF0FXFpVrb15V6yYP5ZdZ=s128-c0x00000000-cc-rp-mo-ba5', 'rating': 5, 'relative_time_description': '2 years ago', 'text': 'Although busy at times there are enough cashiers to move the queue quickly and efficiently and they are very helpful. By the way, parking is plenty with physical security on site so your vehicles are safe. Thank you', 'time': 1655395878, 'translated': False}, {'author_name': 'Clarence Rathebe', 'author_url': 'https://www.google.com/maps/contrib/105033448595819604895/reviews', 'language': 'en', 'original_language': 'en', 'profile_photo_url': 'https://lh3.googleusercontent.com/a-/ALV-UjUYRvVQggJfs77s3fV377WhHbBrVTjJzNq22RQymC8lUrGGZe0=s128-c0x00000000-cc-rp-mo', 'rating': 5, 'relative_time_description': '2 months ago', 'text': 'Nice service over all...\nClean and nice with friendly cashiers üíØ\n\nYOU GO GALS..', 'time': 1714459262, 'translated': False}, {'author_name': 'Belinda Vogel', 'author_url': 'https://www.google.com/maps/contrib/114154564536639785651/reviews', 'language': 'en', 'original_language': 'en', 'profile_photo_url': 'https://lh3.googleusercontent.com/a-/ALV-UjVJh8MtFkczuWWmEkiRRvB8wol7OjsSYnK__XNmcYhAZV5ssWh7=s128-c0x00000000-cc-rp-mo', 'rating': 1, 'relative_time_description': '2 months ago', 'text': ""Pathetic! I didn't have my shoprite card with me but had a photo on my phone with my card number but the cashier refused to help me. Why is that? I had to pay full price because she was to lazy to put in my card number manually!!! üò°"", 'time': 1712773598, 'translated': False}, {'author_name': 'Adrenlien Adrenlien', 'author_url': 'https://www.google.com/maps/contrib/107485062055246330650/reviews', 'language': 'en', 'original_language': 'en', 'profile_photo_url': 'https://lh3.googleusercontent.com/a/ACg8ocLN9bx6Xw9rEF6PKm7j7_JE5occyWmKM1igKqWbV7_uUvmNcQ=s128-c0x00000000-cc-rp-mo', 'rating': 1, 'relative_time_description': '9 months ago', 'text': 'I gave 1 star ONLY BECAUSE I HAVE TO, TO BE ABLE TO LEAVE A REPLY. Waited 30min in line before it started moving at the express tills with only 1 cashier. This place is up to sh.. with bad attitudes from cashiers. Why have dozens of tills with nobody working there? See there is previous complaints from way back and nothing gets done about it. Maybe we should call the news people in', 'time': 1695459658, 'translated': False}]",3.7,145,012 377 9760,http://www.shoprite.co.za/,ChIJ1S-qMVzYvx4Rha0i47YtlSA,-25.717486,28.1524326,"-25.717486,28.1524326","['grocery_or_supermarket', 'travel_agency', 'bakery', 'finance', 'food', 'store', 'point_of_interest', 'establishment']",https://maps.google.com/?cid=2347833044261580165
Shoprite Sunnypark,"Cnr Greeff and, Sunnypark Shopping Centre, Robert Sobukwe St, Trevenna, Pretoria, 0002, South Africa","['8:00AM‚Äì7:00PM', '8:00AM‚Äì7:00PM', '8:00AM‚Äì7:00PM', '8:00AM‚Äì7:00PM', '8:00AM‚Äì7:00PM', '8:00AM‚Äì5:00PM', '8:00AM‚Äì5:00PM']","[{'author_name': 'DJ black d DJ black d', 'author_url': 'https://www.google.com/maps/contrib/107690587863981690406/reviews', 'language': 'en', 'original_language': 'en', 'profile_photo_url': 'https://lh3.googleusercontent.com/a/ACg8ocJXslX_QqArQM336u9-htAwine1DPqgNnFsQ23n1mzosC_1Kw=s128-c0x00000000-cc-rp-mo', 'rating': 1, 'relative_time_description': '2 months ago', 'text': 'Firstly the service is honestly bad, some cashiers have an attitude and don‚Äôt know how to offer customer service. Secondly I bought meat and when I got home I discovered that the meat is rotten, unfortunately for me I couldn‚Äôt even go back because I don‚Äôt stay in the area I just happened to be there and thought I should get something.', 'time': 1713992222, 'translated': False}, {'author_name': 'Mutshidzi Tshiswaise', 'author_url': 'https://www.google.com/maps/contrib/117148095996180408567/reviews', 'language': 'en', 'original_language': 'en', 'profile_photo_url': 'https://lh3.googleusercontent.com/a-/ALV-UjW5z1hxf3A3uCtzF6Kd6SyQA_qAdisnSbTvcM2R8Q08yXJyxL8K=s128-c0x00000000-cc-rp-mo-ba2', 'rating': 5, 'relative_time_description': '5 months ago', 'text': ""The money market lane was moving faster and the cashier was friendly toward me .\n\nBut they must improve the X-Tra Savings Card options that you can get your money without the card . Sometimes we don't usually have it with us"", 'time': 1706675597, 'translated': False}, {'author_name': 'Reneilwe Hope', 'author_url': 'https://www.google.com/maps/contrib/115612440754051046332/reviews', 'language': 'en', 'original_language': 'en', 'profile_photo_url': 'https://lh3.googleusercontent.com/a-/ALV-UjWLu6brqxVx2DFarxysXdg9KDBAT3kn8K0YdO_mU9Qj0a9Z8Gcm=s128-c0x00000000-cc-rp-mo-ba2', 'rating': 2, 'relative_time_description': '2 weeks ago', 'text': 'The ques moves slower due to small number of cashiers, be prepared to spend over 20 mins on the que to pay.', 'time': 1718551345, 'translated': False}, {'author_name': 'Vanessa Mokaila', 'author_url': 'https://www.google.com/maps/contrib/111887156678582931687/reviews', 'language': 'en', 'original_language': 'en', 'profile_photo_url': 'https://lh3.googleusercontent.com/a/ACg8ocJ6a447Q9tgokzLWPeDIrRPUyCXQkbK8aL7KrgXMNHaizv8o-ml=s128-c0x00000000-cc-rp-mo', 'rating': 1, 'relative_time_description': '4 months ago', 'text': ""There's a lack of cleanliness in this store, there's always some sort of smell and I saw a block of cheese that had blue mould in it on the shelf and it was on sale. There's always only two cashiers operating, the queues are always long regardless of how early you get there, it is just not up to standard. Next time I will add pictures."", 'time': 1707553867, 'translated': False}, {'author_name': 'Faith Grenade', 'author_url': 'https://www.google.com/maps/contrib/106700686413800885997/reviews', 'language': 'en', 'original_language': 'en', 'profile_photo_url': 'https://lh3.googleusercontent.com/a/ACg8ocJuVUnckA7bxwTgQakpVGD59z--4qDs-tAhothwcApmUA1kBA=s128-c0x00000000-cc-rp-mo', 'rating': 1, 'relative_time_description': 'a month ago', 'text': ""The food there is great but the staff is another story!The ques are always long because this shoprite was blessed with lazy workers they're always closing the line leaving a few tills that will operate and trust me those lines barely move cause the cashiers are either chatting or finding means to close the line and it infuriates me.Whats sad is that the female cashiers are usually the rude ones,the service is beyond bad that words can't express and I know I'm not the only one who feels this way."", 'time': 1716276599, 'translated': False}]",4.2,1178,012 441 0000,https://www.shoprite.co.za/,ChIJydEcqh9ilR4RQoyA4z0dEDw,-25.751,28.203,"-25.751,28.203","['grocery_or_supermarket', 'laundry', 'bakery', 'restaurant', 'food', 'store', 'point_of_interest', 'establishment']",https://maps.google.com/?cid=4327991393550109762
Shoprite Silverton,"Silver Mall, 588 Pretoria Rd, Silverton, Pretoria, 0181, South Africa","['7:00AM‚Äì7:00PM', '7:00AM‚Äì7:00PM', '7:00AM‚Äì7:00PM', '7:00AM‚Äì7:00PM', '7:00AM‚Äì7:00PM', '7:00AM‚Äì5:00PM', '7:00AM‚Äì5:00PM']","[{'author_name': 'Rofhiwa', 'author_url': 'https://www.google.com/maps/contrib/109125464399669577074/reviews', 'language': 'en', 'original_language': 'en', 'profile_photo_url': 'https://lh3.googleusercontent.com/a-/ALV-UjWG6-jbSMF3CJtHEmu9eL0OYf_WjVZIEa575ejv6b-N0jZFEaM=s128-c0x00000000-cc-rp-mo', 'rating': 1, 'relative_time_description': '2 months ago', 'text': 'Today, I visited the store to withdraw cash, and unfortunately, the experience was far from satisfactory.\n\nFirstly, the service provided by the cashiers was exceptionally poor. They displayed a lack of friendliness and professionalism throughout the transaction. Not only did the first  cashier not have the required amount of cash, but she also handled the situation with rudeness and indifference. When I requested if she could check with another cashier for the cash, I was met with further rudeness and she informed that I would have to stand in a different queue again to withdraw with another cashier. The queues in the store were also extremely long with only five cashiers working despite the store being full and month end.\n\nThe entire experience left me feeling incredibly frustrated and disheartened.', 'time': 1714748563, 'translated': False}, {'author_name': 'Bongi Sithole', 'author_url': 'https://www.google.com/maps/contrib/104094542745074599170/reviews', 'language': 'en', 'original_language': 'en', 'profile_photo_url': 'https://lh3.googleusercontent.com/a/ACg8ocIbBdEAIJBO1FR2qJefWtjk_GSmt-_DsJXJlMOXX74mOEYoTA=s128-c0x00000000-cc-rp-mo', 'rating': 5, 'relative_time_description': 'in the last week', 'text': ""I went instore to load my gift card\nWas assisted by a lady called Zelda Semenya\nFriendly lady who went extra mile to help us\nMy current card couldn't swipe as the chip was damaged and she gladly transfered to anew card\nIt was  really a breath of fresh air\nThank you Shoprite Silverton"", 'time': 1719657514, 'translated': False}, {'author_name': 'japson marime', 'author_url': 'https://www.google.com/maps/contrib/102745993672865227029/reviews', 'language': 'en', 'original_language': 'en', 'profile_photo_url': 'https://lh3.googleusercontent.com/a-/ALV-UjW9t2lkgbQhdSkE_mK0OTuGWoDxbL9GPKth3YBHECr_PleJpRX00g=s128-c0x00000000-cc-rp-mo-ba3', 'rating': 5, 'relative_time_description': '8 months ago', 'text': 'Big thanks to Sister Noluthando and her team, ladies who were working on the tills Friday 20 October around 11:00\nI have been to shoprite stores but Silverton was the best. Thanks again for your customer service.', 'time': 1697871069, 'translated': False}, {'author_name': 'webAlly', 'author_url': 'https://www.google.com/maps/contrib/110222188199665605218/reviews', 'language': 'en', 'original_language': 'en', 'profile_photo_url': 'https://lh3.googleusercontent.com/a-/ALV-UjW8v6TWt-xp2xS5YR30ADbWx6DShJV4BrCJ_y1CcJcyj-sJQl1wow=s128-c0x00000000-cc-rp-mo-ba3', 'rating': 2, 'relative_time_description': '10 months ago', 'text': ""Shoprite Silverton is located in Silver Mall. The mall is okay with good parking and a a fair amount of shops. But there are only 2 of the major banks (Capitec and Standard Bank). But when it comesnto shoprite, it is what makes the mall bad. The Shoprite is supposedntonbe the mall's main feature but it' terrible. The ques at the pay points are always very long and slow and there is hardly ever staff at all of them. Almost every time when I finally get tonthe front, there are products that I've selected without price tags, so the person atvthe paypointnhas to call someone to go check the prices. The bread is most old, as well as the other warm foods look like it should be discarded. The music inside the store is terrible and the staff that's packing the shelfs are unfriendy and always blocking the isles. Do yourself a favor and go do your shopping at any other place but Shoprite Silverton, and save yourself the frustration and the feelingn helplessness and dispair as you spend yet another afternoon locked in a que with people that's irritated and unfriendly staff and the smell of food gone bad."", 'time': 1694081044, 'translated': False}, {'author_name': 'Lethabo Hlabela', 'author_url': 'https://www.google.com/maps/contrib/105900379092021935669/reviews', 'language': 'en', 'original_language': 'en', 'profile_photo_url': 'https://lh3.googleusercontent.com/a-/ALV-UjXSx26vnIyhKtE_uAJqsV7RImZJXCuVkRXI_AF9Q4N-N2ZtkFY=s128-c0x00000000-cc-rp-mo-ba5', 'rating': 5, 'relative_time_description': 'a year ago', 'text': ""An excellent franchise that's selling itself.\nShoprite lovers knows how busy and friendly are employees at Shoprite especially the one in Silverton.\nIt's close to Uitkyk,Spar,Nandos, KitKat,Ned,Clicks and other shops hence its busyness."", 'time': 1687797356, 'translated': False}]",3.3,60,012 845 9270,http://www.shoprite.co.za/,ChIJJeRL3N9flR4RBJ4rW_RWAJ0,-25.73262,28.3019897,"-25.73262,28.3019897","['grocery_or_supermarket', 'travel_agency', 'bakery', 'finance', 'food', 'store', 'point_of_interest', 'establishment']",https://maps.google.com/?cid=11313137871456280068
Shoprite Lotus Gardens,"Cnr Ruth Furst and Joe Modise Road, 0008, South Africa","['7:00AM‚Äì7:00PM', '7:00AM‚Äì7:00PM', '7:00AM‚Äì7:00PM', '7:00AM‚Äì7:00PM', '7:00AM‚Äì7:00PM', '7:00AM‚Äì7:00PM', '7:00AM‚Äì5:00PM']","[{'author_name': 'Ramashobedi Mabusela', 'author_url': 'https://www.google.com/maps/contrib/111479456040859875871/reviews', 'language': 'en', 'original_language': 'en', 'profile_photo_url': 'https://lh3.googleusercontent.com/a/ACg8ocL9k6aGFkU1IkE6o2jxDnpHa1lET6_q94WDfRk8n2R9UmIS8Q=s128-c0x00000000-cc-rp-mo', 'rating': 1, 'relative_time_description': '4 months ago', 'text': 'Always wonder why must we endure so much search like criminals but shoprite around surbubs theres no such a searches/ till slip check or because township stays only black people üò≠? What have we done as black people to deserve this kind of treatment while were majority customers?', 'time': 1708439937, 'translated': False}, {'author_name': 'Lesedi Khanya', 'author_url': 'https://www.google.com/maps/contrib/115963790411795005594/reviews', 'language': 'en', 'original_language': 'en', 'profile_photo_url': 'https://lh3.googleusercontent.com/a/ACg8ocKb8cC0XlUsaT5dVf5CXjPOGKKN766cyqjji4VI2EJCM5ZOpw=s128-c0x00000000-cc-rp-mo', 'rating': 1, 'relative_time_description': '5 months ago', 'text': ""Please refer to the attached picture.\n\nThe Deli staff are ignorant and do not adhere to the food safety and strict hygiene protocols. On Sunday 21 January I bought magwinya at Checkers Lotus Plaza, one of them had a fly (nchi) mixed in it...I called the store to inform them, and the lady that answered the call sounded clueless and failed to address the complaint. She kept asking me what do you want me to do....\n\nI don't advise anyone to buy the food from the deli at shoprite lotus garden."", 'time': 1705827261, 'translated': False}, {'author_name': 'Tebogo Nake', 'author_url': 'https://www.google.com/maps/contrib/106662868453363306586/reviews', 'language': 'en', 'original_language': 'en', 'profile_photo_url': 'https://lh3.googleusercontent.com/a/ACg8ocIHvv1ggj9NowZ6nbWLvUgcB3s4rdzZ9IoIQIcCMEfvaSyGDQ=s128-c0x00000000-cc-rp-mo', 'rating': 3, 'relative_time_description': 'a year ago', 'text': ""Good place for those last minute grocery shopping after work. Doesn't stock some items that you find in City branches. Local taxis always causing traffic congestion. Traffic to the store can be a problem during peak hours."", 'time': 1666746684, 'translated': False}, {'author_name': 'Vhuthuhawe Gerald', 'author_url': 'https://www.google.com/maps/contrib/109817835432765186899/reviews', 'language': 'en', 'original_language': 'en', 'profile_photo_url': 'https://lh3.googleusercontent.com/a/ACg8ocIDQHntY8b2cErUsLXTVNicHRnQDQi6NM1MKn3ZA8ZwtZfqcg=s128-c0x00000000-cc-rp-mo', 'rating': 3, 'relative_time_description': '6 years ago', 'text': ""It's a go in and move out quick mall"", 'time': 1512749529, 'translated': False}, {'author_name': 'Lungisile Mnyango', 'author_url': 'https://www.google.com/maps/contrib/105215271251475116959/reviews', 'language': 'en', 'original_language': 'en', 'profile_photo_url': 'https://lh3.googleusercontent.com/a/ACg8ocIYvOsmDY51HQrp3BNHeupPRIg2XWFvrrnrwH7IduIAr-U9vg=s128-c0x00000000-cc-rp-mo-ba2', 'rating': 5, 'relative_time_description': '3 weeks ago', 'text': 'Great experience', 'time': 1718036733, 'translated': False}]",3.6,142,012 378 9000,http://www.shoprite.co.za/,ChIJ4Y9kvtbXvx4RuyCt2Lmd_3I,-25.7545745,28.0718481,"-25.7545745,28.0718481","['grocery_or_supermarket', 'travel_agency', 'bakery', 'finance', 'food', 'store', 'point_of_interest', 'establishment']",https://maps.google.com/?cid=8286515260914737339
Shoprite East Lynne,"East Park Shopping Centre, Baviaanspoort Rd, East Lynne, Pretoria, 0186, South Africa","['8:00AM‚Äì7:00PM', '8:00AM‚Äì7:00PM', '8:00AM‚Äì7:00PM', '8:00AM‚Äì7:00PM', '8:00AM‚Äì7:00PM', '8:00AM‚Äì5:00PM', '8:00AM‚Äì1:00PM']","[{'author_name': 'Mosa Rampai', 'author_url': 'https://www.google.com/maps/contrib/116533384920817993382/reviews', 'language': 'en', 'original_language': 'en', 'profile_photo_url': 'https://lh3.googleusercontent.com/a-/ALV-UjXXbRibhphh915Kz42HgoZuyIbThfYj8T1SSXo_-BKBDaQm7IWW=s128-c0x00000000-cc-rp-mo-ba4', 'rating': 5, 'relative_time_description': 'a year ago', 'text': 'My last experience here was not welcoming enough, but yesterday, I had the most wonderful experience. The shelves are clear, including specials and promotions.\nThe stuff is working hard to ensure quality service', 'time': 1678832408, 'translated': False}, {'author_name': 'Theuns van Schalkwijk', 'author_url': 'https://www.google.com/maps/contrib/111726620895888976027/reviews', 'language': 'en', 'original_language': 'en', 'profile_photo_url': 'https://lh3.googleusercontent.com/a-/ALV-UjUed4quVLKJKA47SfwFydz35OufaD1GKuEZmljZuy0mAZ6twcGm=s128-c0x00000000-cc-rp-mo-ba3', 'rating': 3, 'relative_time_description': 'a month ago', 'text': 'Slowest supermarket in GP\nYou lucky if a quick shop is less than 45mins.\nPrices and merchandising very poor. Management is apathetic to challenges. Staff are lazy\nDont be in a hurry', 'time': 1716565203, 'translated': False}, {'author_name': 'Charnee Lufuno', 'author_url': 'https://www.google.com/maps/contrib/101586956461841813262/reviews', 'language': 'en', 'original_language': 'en', 'profile_photo_url': 'https://lh3.googleusercontent.com/a/ACg8ocJQObXvDTRR_y8oODSF6k_03rWSYOW_5SEE8YVrTxwuZ9hpig=s128-c0x00000000-cc-rp-mo', 'rating': 2, 'relative_time_description': 'a week ago', 'text': 'They have good specials but I was given a raw pie only realized when I got home', 'time': 1718893300, 'translated': False}, {'author_name': 'Marico Kruger', 'author_url': 'https://www.google.com/maps/contrib/116141354874147037871/reviews', 'language': 'en', 'original_language': 'en', 'profile_photo_url': 'https://lh3.googleusercontent.com/a-/ALV-UjW-fOfw-EzSh3fKal0CkMq-IgPyU1-rx7i5Trfl_XdP2wVPYNXv=s128-c0x00000000-cc-rp-mo-ba3', 'rating': 4, 'relative_time_description': '5 months ago', 'text': 'Alot of products on special and they go the extra mile for the community', 'time': 1705345606, 'translated': False}, {'author_name': 'Nadia Jordaan', 'author_url': 'https://www.google.com/maps/contrib/105924736443727683958/reviews', 'language': 'en', 'original_language': 'en', 'profile_photo_url': 'https://lh3.googleusercontent.com/a/ACg8ocISW9jiHlG5R8dcethHmi5QAV7i5mWQCuDlv2bxvwCTubjzpA=s128-c0x00000000-cc-rp-mo-ba3', 'rating': 4, 'relative_time_description': '4 months ago', 'text': 'Always busy but good', 'time': 1708546500, 'translated': False}]",3.5,143,012 800 9103,http://www.shoprite.co.za/,ChIJrcINoJLfvx4RjpX0eo1PiII,-25.7083129,28.2709145,"-25.7083129,28.2709145","['grocery_or_supermarket', 'travel_agency', 'bakery', 'finance', 'food', 'store', 'point_of_interest', 'establishment']",https://maps.google.com/?cid=9405855290835113358
Shoprite SCF Bloed St,"Cnr Struben Street &, Van Der Walt Straat, Pretoria Central, Pretoria, 0001, South Africa","['7:00AM‚Äì7:00PM', '7:00AM‚Äì7:00PM', '7:00AM‚Äì7:00PM', '7:00AM‚Äì7:00PM', '7:00AM‚Äì7:00PM', '7:00AM‚Äì7:00PM', '8:00AM‚Äì6:00PM']","[{'author_name': 'Pontsho Maake (PrizyDee)', 'author_url': 'https://www.google.com/maps/contrib/101933731399272432337/reviews', 'profile_photo_url': 'https://lh3.googleusercontent.com/a-/ALV-UjXDQmeJXs2KOpZ0zMKvAp0Frx6QlYl1aSvI0lIsUcGAjI0sUvty=s128-c0x00000000-cc-rp-mo', 'rating': 3, 'relative_time_description': '6 months ago', 'text': '', 'time': 1703586530, 'translated': False}, {'author_name': 'Anold Ngwenya', 'author_url': 'https://www.google.com/maps/contrib/110468386577594518703/reviews', 'profile_photo_url': 'https://lh3.googleusercontent.com/a-/ALV-UjUc_HaUxu-9MWEnjMzuC79Y9vf6mfONDwOUS3Az_J_h_NEFIXAS=s128-c0x00000000-cc-rp-mo-ba4', 'rating': 5, 'relative_time_description': '5 months ago', 'text': '', 'time': 1704982807, 'translated': False}]",4,2,012 306 0035,http://www.shoprite.co.za/,ChIJdZoWPcRjlR4R1wvRWM3hGc4,-25.7596197,28.1940542,"-25.7596197,28.1940542","['grocery_or_supermarket', 'food', 'store', 'point_of_interest', 'establishment']",https://maps.google.com/?cid=14851149518305561559
Shoprite Atteridgeville,"Cnr Phudufufu and, Attlyn Shopping Centre, Khoza St, Atteridgeville, Pretoria, 0008, South Africa","['7:00AM‚Äì7:00PM', '7:00AM‚Äì7:00PM', '7:00AM‚Äì7:00PM', '7:00AM‚Äì7:00PM', '7:00AM‚Äì7:00PM', '7:00AM‚Äì6:00PM', '7:00AM‚Äì5:00PM']","[{'author_name': 'Joyce Joyce', 'author_url': 'https://www.google.com/maps/contrib/114976859669243504471/reviews', 'language': 'en', 'original_language': 'en', 'profile_photo_url': 'https://lh3.googleusercontent.com/a/ACg8ocK7Tprc4QSB7n-tSRBWF5FHt0AKjOZjodabje6zr7Ima9x9wQ=s128-c0x00000000-cc-rp-mo-ba3', 'rating': 1, 'relative_time_description': '5 months ago', 'text': ""Please train Adelaide, the cashier to have customers skills. This is the fourth encounter I deal with this lady and she is so rude. You ask her something nicely and she just change the face and become rude. *Note to you Addelaide*, you are not doing us a favor when we pay, and when we ask things, please respond and if you don't know ask people who knows. Not all of us work in a Shop and we cannot understand all things. We only understand what we are buying and paying for Please."", 'time': 1705310027, 'translated': False}, {'author_name': 'Lebo', 'author_url': 'https://www.google.com/maps/contrib/117313274520739993906/reviews', 'language': 'en', 'original_language': 'en', 'profile_photo_url': 'https://lh3.googleusercontent.com/a/ACg8ocLP_npzEgpus6qDpaIx1eGof0Y9zSU7ZjPqy3LSM-ZsISmce8A=s128-c0x00000000-cc-rp-mo-ba5', 'rating': 5, 'relative_time_description': '6 months ago', 'text': 'Thank you koketse mathobela for the splendid customer service,your committment attention to details  is an examplentary of being the companies frontline', 'time': 1702638064, 'translated': False}, {'author_name': 'Angy Maunatlala', 'author_url': 'https://www.google.com/maps/contrib/114896440760809261766/reviews', 'language': 'en', 'original_language': 'en', 'profile_photo_url': 'https://lh3.googleusercontent.com/a-/ALV-UjW1ymp1oV-KDX9CxCWFHW1MQqers4DIULVPDexoYuxH-TmFSzJ-=s128-c0x00000000-cc-rp-mo-ba3', 'rating': 4, 'relative_time_description': '3 months ago', 'text': 'Scadhiers  kind always smiling to customers', 'time': 1709921675, 'translated': False}, {'author_name': 'Retsibile Radingwana', 'author_url': 'https://www.google.com/maps/contrib/101808294479955952968/reviews', 'language': 'en', 'original_language': 'en', 'profile_photo_url': 'https://lh3.googleusercontent.com/a-/ALV-UjVG59kdK8uj3YbQbPAhr8u_UVaG-sLMeFfDWuSv-fmsTSD8Pem-=s128-c0x00000000-cc-rp-mo', 'rating': 1, 'relative_time_description': 'a year ago', 'text': 'Worst shopping experience always‚Ä¶ slow tellers and customers are expected to pack their own groceries. It‚Äôs not even pay day or knock off rush but the service is poor. This supermarket doesn‚Äôt respect its customers, only stranded shoppers can be accommodated here', 'time': 1668173320, 'translated': False}, {'author_name': 'Peter Madibana', 'author_url': 'https://www.google.com/maps/contrib/100113906452335964807/reviews', 'language': 'en', 'original_language': 'en', 'profile_photo_url': 'https://lh3.googleusercontent.com/a-/ALV-UjU6bJ2xex70L6ul1a12a2vgQgUsfcyrxhT6k0bRZUBWSfZrFIsI=s128-c0x00000000-cc-rp-mo-ba5', 'rating': 3, 'relative_time_description': '4 months ago', 'text': 'Always busy but not enough tellers.', 'time': 1708585703, 'translated': False}]",3.5,116,012 373 1861,http://www.shoprite.co.za/,ChIJ71nMdUJ9lR4RcZHOZNQ8pGg,-25.771915,28.089931,"-25.771915,28.089931","['grocery_or_supermarket', 'travel_agency', 'bakery', 'finance', 'food', 'store', 'point_of_interest', 'establishment']",https://maps.google.com/?cid=7540218559047045489
Shoprite Mamelodi,"Mamelodi Crossing Cnr Stromvoel and, Waltloo Rd, Pretoria, 0101, South Africa","['7:00AM‚Äì7:00PM', '7:00AM‚Äì7:00PM', '7:00AM‚Äì7:00PM', '7:00AM‚Äì7:00PM', '7:00AM‚Äì7:00PM', '7:00AM‚Äì7:00PM', '7:00AM‚Äì7:00PM']","[{'author_name': 'Sonja-Liezel Theron', 'author_url': 'https://www.google.com/maps/contrib/106178560372635835222/reviews', 'language': 'en', 'original_language': 'en', 'profile_photo_url': 'https://lh3.googleusercontent.com/a-/ALV-UjULEYMBY_9KymFvoHMxeHryXfpY3EWx81ARZy0QF308l_dLetE=s128-c0x00000000-cc-rp-mo-ba4', 'rating': 5, 'relative_time_description': '2 weeks ago', 'text': ""On Monday the 3rd of June 2024 at around 17h05 one of my employees bought meat at Shoprite Mamelodi. He was under the impression that his wallet was stolen at the cashier while buying meat. It took a lot of phone calls and research in order to obtain the contact info of Shoprite head office to ask for an investigation üîé into the matter.\n\nToday the regional manager contacted me and took time to do an in depth investigation. This investigation was done by trusted head office management and their specialists fine combed CCTV Footage of said employee buying meat. An affidavit from management indicated that they indeed verified the employee's purchase at the time and date mentioned.\n\nIt was confirmed that the CCTV Footage clearly shows that he was in possession of his wallet the whole time. It was further noted by management that the footage shows that he took the money out, payed and put his wallet back into his left trouser pocket.\n\nI have no reason to not trust the process and have respect for the way this incident was investigated.\nThe employee since admitted that he could be mistaken and that the wallet might have been taken by a pick pocket enthusiast...\n\nAccept my appologies for not trusting the cashier and security at this store."", 'time': 1718805703, 'translated': False}, {'author_name': 'Thabang Mokoena', 'author_url': 'https://www.google.com/maps/contrib/103213769074581842192/reviews', 'language': 'en', 'original_language': 'en', 'profile_photo_url': 'https://lh3.googleusercontent.com/a-/ALV-UjVj_KpDLHShdrn-F3cj9cRJ7qSO2OgGJLivxzM3trzljTDGxhC2=s128-c0x00000000-cc-rp-mo-ba3', 'rating': 4, 'relative_time_description': '3 years ago', 'text': 'Good place to shop its big and have all products needed but its get too packed up on pay days. Ques get too long', 'time': 1612009304, 'translated': False}, {'author_name': 'junior mthombeni', 'author_url': 'https://www.google.com/maps/contrib/101151483933195225131/reviews', 'language': 'en', 'original_language': 'en', 'profile_photo_url': 'https://lh3.googleusercontent.com/a/ACg8ocKBa6j9XZZAshYWrQyYElUI-eW1i6jNBzK_MzKPGkZCPA2l9Q=s128-c0x00000000-cc-rp-mo', 'rating': 2, 'relative_time_description': 'a year ago', 'text': 'The shop is known for large number of patronage, it has been like this since forever, however management or planners still is not willing to accommodate propel who shop at Shoprite,. However add on frustrations of shoppers, the aisle are fully packed with stock, 3 people cannot go on different directions at once. The merchandiser add on frustrations with their big trollies on tops of everything, it is so frustrating to go inside the shop, understandbly it caters for alrfer number of people, however I believe so much can be done to make it pleasant, I mean everyone deserves a pleasantly shopping experience despite of the economic stage they at, mostly it is all the vulnerable, groups who shops there, the aged, those who come with disabilities, people who barely have alternative, but  to be excepted to take all this @Shiprire frog better do something about this\n\nThe merchaadd o', 'time': 1664966471, 'translated': False}, {'author_name': 'Envor Tladi', 'author_url': 'https://www.google.com/maps/contrib/102549262280454446741/reviews', 'language': 'en', 'original_language': 'en', 'profile_photo_url': 'https://lh3.googleusercontent.com/a-/ALV-UjXxy1pKGjG4vjpceU1-QtY9OTRESIHTYQaS4z27skjAaNGdN-pV6Q=s128-c0x00000000-cc-rp-mo-ba2', 'rating': 4, 'relative_time_description': '6 years ago', 'text': 'Is almost month end and the store is quite and empty. So no rush hour and you can breath. Come month end is gonna be hectic.', 'time': 1519193414, 'translated': False}, {'author_name': 'Alicia Charamadane', 'author_url': 'https://www.google.com/maps/contrib/115779929868920491031/reviews', 'language': 'en', 'original_language': 'en', 'profile_photo_url': 'https://lh3.googleusercontent.com/a-/ALV-UjXn3sQnHQ6bCbXfSTToaijOL36Y9h3gRDBZYxebdNP9EzOtFGr-=s128-c0x00000000-cc-rp-mo', 'rating': 1, 'relative_time_description': '2 years ago', 'text': ""Very disappointed with the service. I always go to shoprite at denlyn mall without any problems. Today, the cashier was so rude, ignoring me and being disrespectful. I'm a friendly person, especially with cashiers as I have been 1 before. I asked a simple question and was just disregarded, and I'm with my 2 month old and 2year old."", 'time': 1626858666, 'translated': False}]",3.6,140,012 812 9920,http://www.shoprite.co.za/,ChIJp0InbZBflR4R0EV0T7QffSQ,-25.7148627,28.3327409,"-25.7148627,28.3327409","['grocery_or_supermarket', 'travel_agency', 'bakery', 'finance', 'food', 'store', 'point_of_interest', 'establishment']",https://maps.google.com/?cid=2629292616741832144
Shoprite Quagga Centre,"Quagga Centre, 317 Quagga Rd, Pretoria West, Pretoria, 0183, South Africa","['8:00AM‚Äì7:00PM', '8:00AM‚Äì7:00PM', '8:00AM‚Äì7:00PM', '8:00AM‚Äì7:00PM', '8:00AM‚Äì7:00PM', '8:00AM‚Äì5:00PM', '8:00AM‚Äì3:00PM']","[{'author_name': 'Christina Nyamande', 'author_url': 'https://www.google.com/maps/contrib/109523142830345669465/reviews', 'language': 'en', 'original_language': 'en', 'profile_photo_url': 'https://lh3.googleusercontent.com/a/ACg8ocJYf69gY-XbH12ZBkRLyQ0ciqwUieccbFFaluGD6VD1-9AEVA=s128-c0x00000000-cc-rp-mo', 'rating': 1, 'relative_time_description': 'a month ago', 'text': 'Was told to look for a Cashier who can assist with R2700 withdrawal after standing in the que', 'time': 1717301753, 'translated': False}, {'author_name': 'Zahira Omar', 'author_url': 'https://www.google.com/maps/contrib/104558145427556984202/reviews', 'language': 'en', 'original_language': 'en', 'profile_photo_url': 'https://lh3.googleusercontent.com/a-/ALV-UjXlD_XBDKFxGFiyoMNW4tKvy-2Oq6zSTfMwjLz8CEet_5_ehYsQ=s128-c0x00000000-cc-rp-mo', 'rating': 1, 'relative_time_description': '8 months ago', 'text': 'No heart for the poor when you want to buy in bulk to donate to the needy in the community', 'time': 1698922252, 'translated': False}, {'author_name': 'Sheanesu Andre Jiriengwa', 'author_url': 'https://www.google.com/maps/contrib/116486258532665820895/reviews', 'language': 'en', 'original_language': 'en', 'profile_photo_url': 'https://lh3.googleusercontent.com/a-/ALV-UjV0OBBbeGa8DTfjCxzlZ1xB8aWTZb5N7YyvOVBMDFb0TIunztc=s128-c0x00000000-cc-rp-mo', 'rating': 5, 'relative_time_description': '2 months ago', 'text': 'Its a destination where anyone is welcomed', 'time': 1714561587, 'translated': False}, {'author_name': 'Rendani Tshidada', 'author_url': 'https://www.google.com/maps/contrib/111394761368785899480/reviews', 'profile_photo_url': 'https://lh3.googleusercontent.com/a-/ALV-UjVjG18rFp7BD7dwKEnSR6XGpUOLqAIzgzwetE7EbPfmYy40NaI=s128-c0x00000000-cc-rp-mo', 'rating': 1, 'relative_time_description': '4 months ago', 'text': '', 'time': 1708269175, 'translated': False}]",2,4,012 306 0000,http://www.shoprite.co.za/,ChIJY4_jGfpjlR4RJtuSbaDQeD4,-25.7476536,28.1476488,"-25.7476536,28.1476488","['grocery_or_supermarket', 'travel_agency', 'bakery', 'finance', 'food', 'store', 'point_of_interest', 'establishment']",https://maps.google.com/?cid=4501577215008496422
Shoprite Atteridgeville Stadium,"Cnr Hlahla and, Ramokgopa St, Pretoria, 0008, South Africa","['7:00AM‚Äì7:00PM', '7:00AM‚Äì7:00PM', '7:00AM‚Äì7:00PM', '7:00AM‚Äì7:00PM', '7:00AM‚Äì7:00PM', '7:00AM‚Äì7:00PM', '7:00AM‚Äì5:00PM']","[{'author_name': 'Alpheus ‚ÄúDj Boeli‚Äù Mailula', 'author_url': 'https://www.google.com/maps/contrib/105227712152685666715/reviews', 'language': 'en', 'original_language': 'en', 'profile_photo_url': 'https://lh3.googleusercontent.com/a-/ALV-UjW-gisPP1iPuHsJtGz2APB7T9ROqnXswhVOg3IIC4f_GyK_gFwOag=s128-c0x00000000-cc-rp-mo-ba5', 'rating': 2, 'relative_time_description': 'in the last week', 'text': 'The service is always  slow, most till closed, leading to long slow ques, ALWAYS', 'time': 1719741710, 'translated': False}, {'author_name': 'nkosinathi mene', 'author_url': 'https://www.google.com/maps/contrib/114185122090435235950/reviews', 'language': 'en', 'original_language': 'en', 'profile_photo_url': 'https://lh3.googleusercontent.com/a/ACg8ocLugjQT2DFHvOu5vVG9KG5bSa-1s7BiDzQSqkh2s_Nfx3TTeQ=s128-c0x00000000-cc-rp-mo', 'rating': 1, 'relative_time_description': 'a year ago', 'text': 'The service is not good at all, the shop opens 8am but we were not granted entry because they are busy cleaning and chatting up', 'time': 1674887107, 'translated': False}, {'author_name': 'diesel Moshidi', 'author_url': 'https://www.google.com/maps/contrib/104818663455465582177/reviews', 'language': 'en', 'original_language': 'en', 'profile_photo_url': 'https://lh3.googleusercontent.com/a-/ALV-UjWKMZNudJ8sgDWH9Z-KSU9PGFYiBiI7i_eT-hSueRObSUovz4Jh=s128-c0x00000000-cc-rp-mo-ba4', 'rating': 5, 'relative_time_description': '3 months ago', 'text': ""The place is always packed to the full you can't enter and leave immediate"", 'time': 1710049681, 'translated': False}, {'author_name': 'Cleopatra Monyeki', 'author_url': 'https://www.google.com/maps/contrib/102199947993098740185/reviews', 'language': 'en', 'original_language': 'en', 'profile_photo_url': 'https://lh3.googleusercontent.com/a/ACg8ocL5jUqqiexv2l3dWuKLxSqFAMPyCUv4Gksq0NRvwQgU1lL71Xk=s128-c0x00000000-cc-rp-mo', 'rating': 1, 'relative_time_description': '3 months ago', 'text': 'They lack customer service training ,the stuff and including the Manager.\nI left my items at the till and left the store.', 'time': 1711799279, 'translated': False}, {'author_name': 'Tebogo Jnr Motsepe', 'author_url': 'https://www.google.com/maps/contrib/118210598217831572898/reviews', 'language': 'en', 'original_language': 'en', 'profile_photo_url': 'https://lh3.googleusercontent.com/a/ACg8ocKM_5MMdjQsMLVmvody9WRng1sdUwb02IZVeRE02r21B6sBFg=s128-c0x00000000-cc-rp-mo', 'rating': 1, 'relative_time_description': '5 months ago', 'text': ""The service here is pathetic..the employees gets served first at the tills and we queuing at the back and we are told they're employees..how about us customers...why can't they be allowed to que at Kiosk as we customers are not allowed to  pay for certain items at the Kiosk..."", 'time': 1704733046, 'translated': False}]",3.5,553,012 373 2340,http://www.shoprite.co.za/,ChIJTV371nZ9lR4RtzqSIcYva0Y,-25.7734743,28.0706871,"-25.7734743,28.0706871","['grocery_or_supermarket', 'travel_agency', 'bakery', 'finance', 'food', 'store', 'point_of_interest', 'establishment']",https://maps.google.com/?cid=5074201933176257207
Shoprite Gezina,"620 Voortrekker Rd, Gezina, Pretoria, 0084, South Africa","['8:00AM‚Äì7:00PM', '8:00AM‚Äì7:00PM', '8:00AM‚Äì7:00PM', '8:00AM‚Äì7:00PM', '8:00AM‚Äì7:00PM', '8:00AM‚Äì5:00PM', '8:00AM‚Äì2:00PM']","[{'author_name': 'PIET MARAIS', 'author_url': 'https://www.google.com/maps/contrib/106121519298966699635/reviews', 'language': 'en', 'original_language': 'en', 'profile_photo_url': 'https://lh3.googleusercontent.com/a/ACg8ocLYjd3PqHVOPxO4du170lfGttaWwSSQzy7AIIDGfHHZNJpK-g=s128-c0x00000000-cc-rp-mo', 'rating': 1, 'relative_time_description': '2 months ago', 'text': 'Don\'t buy fresh meat here! For the second time I had to throw chicken breast away because of rotten smell when removing the package!!\nThe cashiers are also rude and not helpful! So be prepared to pack your own groceries into the bags!! They are definitely not ""pensioner"" friendly!!', 'time': 1713530346, 'translated': False}, {'author_name': 'Gift Makgato', 'author_url': 'https://www.google.com/maps/contrib/110678982846238936658/reviews', 'language': 'en', 'original_language': 'en', 'profile_photo_url': 'https://lh3.googleusercontent.com/a/ACg8ocJUoeLGnHwIgfVgHyGPoRiRnbSQY5o-XiuyiEoZGnIWgOiF9A=s128-c0x00000000-cc-rp-mo-ba2', 'rating': 5, 'relative_time_description': 'a week ago', 'text': 'Excellent service, excellent place, in fact one of the best shoprite around Pretoria.', 'time': 1719230155, 'translated': False}, {'author_name': 'Wonder Mahembe', 'author_url': 'https://www.google.com/maps/contrib/100744646559438124592/reviews', 'language': 'en', 'original_language': 'en', 'profile_photo_url': 'https://lh3.googleusercontent.com/a-/ALV-UjXczjyAMVTf_f4Yra_G6yV7ptbL5sx7TKbotzluHJ7KqW5jVxWI=s128-c0x00000000-cc-rp-mo-ba7', 'rating': 4, 'relative_time_description': '2 years ago', 'text': ""Store is well kept inside, and service is okay. Outside, you'll find lots of hassle free parking spaces."", 'time': 1627121030, 'translated': False}, {'author_name': 'Rose Kashimbode', 'author_url': 'https://www.google.com/maps/contrib/106899939114693654587/reviews', 'language': 'en', 'original_language': 'en', 'profile_photo_url': 'https://lh3.googleusercontent.com/a-/ALV-UjXamL8nP_SDnaoUNQ5vrCPnuElJHbYCL2FobJtfZvHRytQ-WobN=s128-c0x00000000-cc-rp-mo-ba4', 'rating': 1, 'relative_time_description': '6 years ago', 'text': 'The food is rarely fresh.\nThey usually only have 50% of their tills running even during peak hours.\nThis is a shop to go to when in a pinch, if you have extra time rather go to the checkers at Gezina Galleries which is about 5 min away.', 'time': 1505571783, 'translated': False}, {'author_name': 'Joaquina Maia', 'author_url': 'https://www.google.com/maps/contrib/109025255982808282926/reviews', 'language': 'en', 'original_language': 'en', 'profile_photo_url': 'https://lh3.googleusercontent.com/a/ACg8ocISkHojTzmtnV-u8bwq105sFEj1QmFImG1WTUB8yMXci6R9Q34=s128-c0x00000000-cc-rp-mo-ba3', 'rating': 4, 'relative_time_description': '2 years ago', 'text': 'With the new owners the shop has received a much needed makeover. The shop is clean and fresh goods are available. The Bakery has lots of beautiful cakes and they are a good price. The meat is also fresh and cheaper than other competive stores.', 'time': 1649871043, 'translated': False}]",3.8,541,012 404 9080,http://www.shoprite.co.za/,ChIJUZPaTLTYvx4RAPcv-k2rDBY,-25.7130513,28.2020544,"-25.7130513,28.2020544","['supermarket', 'travel_agency', 'bakery', 'finance', 'grocery_or_supermarket', 'food', 'store', 'point_of_interest', 'establishment']",https://maps.google.com/?cid=1588833119953221376
Shoprite Valhalla,"20 Broadway E, Valhalla, Pretoria, 0185, South Africa","['7:00AM‚Äì7:00PM', '7:00AM‚Äì7:00PM', '7:00AM‚Äì7:00PM', '7:00AM‚Äì7:00PM', '7:00AM‚Äì7:00PM', '7:00AM‚Äì5:00PM', '7:00AM‚Äì2:00PM']","[{'author_name': 'Ronel Kraft', 'author_url': 'https://www.google.com/maps/contrib/106580446865370681997/reviews', 'language': 'en', 'original_language': 'en', 'profile_photo_url': 'https://lh3.googleusercontent.com/a-/ALV-UjVa5nsDAcSa2lkCDmWouIXcIfpFvu7vArVOmQ_fuQpPBfIKTrXLGQ=s128-c0x00000000-cc-rp-mo', 'rating': 1, 'relative_time_description': '5 months ago', 'text': 'Shop trading hours are 7:00am - shop was not opened by 07:10am.\nWhen I complaint, the security guy said the cashiers are still in a meeting.  Client Service needs to be jacked up.', 'time': 1704865668, 'translated': False}, {'author_name': 'Catherine Pieters', 'author_url': 'https://www.google.com/maps/contrib/113907798105153651500/reviews', 'language': 'en', 'original_language': 'en', 'profile_photo_url': 'https://lh3.googleusercontent.com/a-/ALV-UjVBuf66IMRuRfwXLXrTgTPyFuCOdG8a86J4yH8Bf7-pj3WtsHNj=s128-c0x00000000-cc-rp-mo-ba3', 'rating': 4, 'relative_time_description': '4 months ago', 'text': 'A little bit crowded sometime but its a great place to shop afordable prices, friendly staff and great specials.', 'time': 1709717012, 'translated': False}, {'author_name': 'Rezaana Booys', 'author_url': 'https://www.google.com/maps/contrib/111250116717857745389/reviews', 'language': 'en', 'original_language': 'en', 'profile_photo_url': 'https://lh3.googleusercontent.com/a-/ALV-UjX1I-bYQv3QmbMI_DYUWHeLz92bvj10JbcBq_hg96SP3xwxXnFr=s128-c0x00000000-cc-rp-mo-ba4', 'rating': 1, 'relative_time_description': '2 months ago', 'text': ""Worse service .. you wait for ever at the money market ... imagine there's many people and only 1 person to assist you .. you stand almost an hour waiting .. !!! Even by the tills , there's always 3 staff and the rest of the tills closed . Just close the store down .!"", 'time': 1713800238, 'translated': False}, {'author_name': 'Ntsika Memani', 'author_url': 'https://www.google.com/maps/contrib/113328128620733309587/reviews', 'language': 'en', 'original_language': 'en', 'profile_photo_url': 'https://lh3.googleusercontent.com/a-/ALV-UjXtJ5ACYTpO9-SEUTJAk7y9JyMqE-_9Hw_Asqxb-eactjSh43k=s128-c0x00000000-cc-rp-mo', 'rating': 4, 'relative_time_description': 'a month ago', 'text': 'Service is good, and the store is neat', 'time': 1715600727, 'translated': False}, {'author_name': 'Jacqueline De Lange', 'author_url': 'https://www.google.com/maps/contrib/105928906627332880169/reviews', 'language': 'en', 'original_language': 'en', 'profile_photo_url': 'https://lh3.googleusercontent.com/a/ACg8ocI1HCVBWtIiow-fkCUq8n_7ehhz5GoRO8rLlagjwLFRAeIqlw=s128-c0x00000000-cc-rp-mo-ba3', 'rating': 5, 'relative_time_description': 'a year ago', 'text': ""I'm extremely impressed by the excellent quality of the service and the cleanliness of the store. Matsobane Kutu and his staff are always friendly and helpful. They don't just point you in a direction, but actually escorts you to the shelf where the sought-after product is. Thank you very much for your service! Keep up the good work!"", 'time': 1658651938, 'translated': False}]",3.5,600,012 673 9400,http://www.shoprite.co.za/,ChIJT3jQ-XNjlR4Ra7QDIlEIB5k,-25.8118791,28.1530843,"-25.8118791,28.1530843","['grocery_or_supermarket', 'travel_agency', 'bakery', 'finance', 'food', 'store', 'point_of_interest', 'establishment']",https://maps.google.com/?cid=11026791357195990123
